{"cameraMode":{"drawMode":0,"name":"Shaded","section":"Shading Mode"},"sceneLighting":true,"audioPlay":false,"sceneViewState":{"showFog":false,"showMaterialUpdate":false,"showSkybox":false,"showFlares":false,"showImageEffects":false,"showParticleSystems":false},"in2DMode":false,"pivot":{"x":0.6958329677581787,"y":2.784424304962158,"z":-4.004498481750488},"rotation":{"x":0.06271972507238388,"y":0.2488110214471817,"z":-0.016148380935192109,"w":0.9663842916488648},"size":4.424520015716553,"orthographic":false}